{"val/avg_auprc":0.08509900167554255,"_wandb":{"runtime":9},"val/f1_orange_at_0.5":0.12239666773470041,"val/recall_blue_at_0.5":0.84,"val/precision_blue_at_0.5":0.04851752021563342,"_runtime":9.4160777,"epoch":1,"val/recall_orange_at_0.5":0.8681818181818182,"val/loss":2.0009187534451485,"train/loss":2.4363191302617393,"val/auprc_orange":0.08462676475574911,"_step":0,"_timestamp":1.762264284220209e+09,"val/precision_orange_at_0.5":0.06583936573595311,"val/f1_blue_at_0.5":0.09173643975245722,"val/avg_f1_at_0.5":0.10706655374357882,"val/auprc_blue":0.085571238595336}