{"optimized_test_recall_orange":0.6745562130177515,"val/avg_f1_at_0.5":0.1161422609326801,"val/f1_blue_at_0.5":0.09575757575757576,"default_test_tp_orange":128,"default_test_precision_orange":0.05228758169934641,"default_test_accuracy_blue":0.7851624630765736,"default_test_f1_orange":0.09782193351165457,"val/recall_orange_at_0.5":0.7772727272727272,"default_test_recall_orange":0.757396449704142,"val/avg_auprc":0.07229876519212879,"best_val_loss_at_save":2.31349578499794,"_wandb":{"runtime":232},"default_test_accuracy_orange":0.7317655078391274,"_timestamp":1.7622845552168841e+09,"optimal_threshold_orange":0.5142325162887573,"val/precision_orange_at_0.5":0.07483588621444201,"default_test_f1_blue":0.14473089099954772,"epoch":1,"best_epoch":1,"default_test_precision_blue":0.08130081300813008,"default_test_tn_orange":6313,"default_test_tn_blue":6751,"optimized_test_precision_orange":0.06019007391763464,"_runtime":170.363012,"val/auprc_orange":0.08705819354009856,"default_test_recall_blue":0.6584362139917695,"val/auprc_blue":0.05753933684415902,"optimized_test_f1_orange":0.11051866214251091,"val/loss":2.31349578499794,"default_test_tp_blue":160,"_step":0,"val/f1_orange_at_0.5":0.13652694610778443,"val/recall_blue_at_0.5":0.5266666666666666,"val/precision_blue_at_0.5":0.05266666666666667,"train/loss":2.422846135340239}