{"_step":1,"total_run_time_seconds":56.07677865028381,"val/loss":2.548387076705694,"_runtime":41.9870812,"_wandb":{"runtime":54},"val/f1_blue_at_0.5":0.039832285115303984,"_timestamp":1.7626380179279325e+09,"total_test_replay_outliers":75,"val/avg_f1_at_0.5":0.08221122452486511,"epoch":2,"outliers/train_score":1125,"val/f1_orange_at_0.5":0.12459016393442623,"outliers/train_replay":345,"total_val_score_outliers":195,"total_val_replay_outliers":60,"outliers/val_score":195,"outliers/val_replay":60,"best_val_loss_at_save":2.1409302577376366,"val/auprc_orange":0.11296508241872259,"val/auprc_blue":0.032748790985243206,"train/loss":1.7284771394729614,"val/avg_auprc":0.0728569367019829,"total_train_replay_outliers":345,"best_epoch":1,"total_test_score_outliers":240,"total_train_score_outliers":1125}