{"_wandb":{"runtime":123},"train_loss":1.0589525699615479,"_timestamp":1.7350826340259664e+09,"_runtime":123.7703937,"_step":36479,"train_accuracy":0.7466666666666667,"val_accuracy":0.6578947368421053}