{"epoch":1,"default_test_f1_blue":0.1411115490737091,"default_test_precision_blue":0.07802964254577158,"val/avg_f1_at_0.5":0.1268842916679879,"_step":0,"default_test_tn_orange":6397,"default_test_tp_blue":179,"train/loss":2.382346062283767,"default_test_tn_blue":6444,"default_test_precision_orange":0.05334462320067739,"best_epoch":1,"val/precision_orange_at_0.5":0.07444492816717457,"optimized_test_precision_orange":0.06076923076923077,"val/loss":2.25947168469429,"optimized_test_f1_orange":0.10755616065350579,"val/recall_blue_at_0.5":0.7533333333333333,"default_test_accuracy_blue":0.7524426266757555,"val/auprc_blue":0.07485914977463794,"default_test_tp_orange":126,"val/f1_blue_at_0.5":0.1178925404277517,"optimized_test_recall_orange":0.46745562130177515,"default_test_recall_orange":0.7455621301775148,"optimal_threshold_orange":0.5327697992324829,"val/auprc_orange":0.0805568109188852,"default_test_accuracy_orange":0.7410815723699159,"val/recall_orange_at_0.5":0.7772727272727272,"default_test_recall_blue":0.7366255144032922,"best_val_loss_at_save":2.25947168469429,"_wandb":{"runtime":227},"val/f1_orange_at_0.5":0.13587604290822408,"default_test_f1_orange":0.09956538917423943,"_timestamp":1.7622821453761792e+09,"val/precision_blue_at_0.5":0.06395019807583475,"val/avg_auprc":0.07770798034676157,"_runtime":167.3469809}