{"val/f1_blue_at_0.5":0.08707865168539326,"optimal_threshold_blue":0.7212398052215576,"val/precision_orange_at_0.5":0.0657514450867052,"best_epoch":1,"default_test_tn_orange":5964,"optimized_test_auprc_orange":0.04481629602876626,"default_test_f1_blue":0.11497556769186548,"val/avg_f1_at_0.5":0.10444963374095634,"optimal_threshold_orange":0.773952066898346,"optimized_test_precision_orange":0.02689486552567237,"total_run_time_seconds":30.312920808792114,"optimized_test_accuracy_orange":0.9368325380595319,"default_test_recall_orange":0.7633136094674556,"test/roc_curve_orange_table":{"ncols":3,"nrows":681,"_type":"table-file","sha256":"7f7618b76a9195153588db82957048621b9a8f25c5f0f6bfcedfc2dc3e4fafb0","size":14178,"artifact_path":"wandb-client-artifact://tzd1b1laa1oecg8clqxjhfsqpfq2y55l64dsxb2cdex5nvmnlrzygz05605yd81y4xow1olrekg9657153v1t453nz1x67mho8yduj13kz027n2v1d1aztsbfdjl0t52/test/roc_curve_orange_table.table.json","_latest_artifact_path":"wandb-client-artifact://6ywfc2d2n3ucaqeidz8kknmndsdi9lc63w1mvh7oyq4izijeoeba90btggqw9cmc5bmga87v9oyxroeqkucsjq0i0jjeykuplaozlbfplrmcaexbkh7d1lklujukkpxc:latest/test/roc_curve_orange_table.table.json","path":"media/table/test/roc_curve_orange_table_1_7f7618b76a9195153588.table.json"},"test/roc_curve_blue_table":{"ncols":3,"nrows":950,"_type":"table-file","sha256":"fb23593aee1fe23a9043023682c0eaa67075bfde317d09374bb5f1f534df668d","size":19758,"artifact_path":"wandb-client-artifact://j9god529u1s7iux0oee1ybphhvgzz3odml6ymjleqz33uz2qm2n1ytna2vqioi15vjiv4az10ejjtcvhwrr3fscijpppxylc1zaqw3ez6hhj7l3c4ao8n7acen4t7xn3/test/roc_curve_blue_table.table.json","_latest_artifact_path":"wandb-client-artifact://kdaqi6azdh4o1oxassoj7x8ppe7bu4n51asj7ejy6qrjn1ji8n3gdskr5c18lfon80euyin66cn3qhyhueh31qkhxnwl1u6mhjpq6sjjp5tlq4ioy80jrpqs8qc0ufjr:latest/test/roc_curve_blue_table.table.json","path":"media/table/test/roc_curve_blue_table_1_fb23593aee1fe23a9043.table.json"},"val/f1_orange_at_0.5":0.12182061579651941,"optimized_test_tn_orange":8235,"default_test_accuracy_blue":0.6501931379231993,"optimized_test_recall_blue":0.5473251028806584,"val/recall_blue_at_0.5":0.8266666666666667,"default_test_precision_orange":0.046104360257326664,"val/auprc_blue":0.050515307262120494,"optimized_test_tp_blue":133,"val/precision_blue_at_0.5":0.04595997034840623,"optimized_test_tp_orange":11,"_runtime":29.5006057,"epoch":1,"optimized_test_f1_orange":0.03806228373702422,"optimized_test_f1_blue":0.18070652173913043,"default_test_precision_blue":0.06180469715698393,"_step":1,"val/loss":1.9339962676167488,"val/avg_auprc":0.09116624822098032,"default_test_f1_orange":0.08695652173913043,"test/pr_curve_orange_table":{"_latest_artifact_path":"wandb-client-artifact://gw2og6ri8fy18p6kji6j3qze9e4x5qqafaq4wsv7fhvy4qf8jj116nxdkb344an2esxb0q9kmnmtdt8h3zqh6ad9jsqv8nvjv64lb2xjgblcmx7olf37si8e2wcw8om5:latest/test/pr_curve_orange_table.table.json","path":"media/table/test/pr_curve_orange_table_1_7ae28940ff363c42c062.table.json","ncols":3,"nrows":42,"_type":"table-file","sha256":"7ae28940ff363c42c062e1c1aeeef675352fd9f54cb3602848f7e25ed62f830b","size":852,"artifact_path":"wandb-client-artifact://512a5qefsl6bjiz140lo8y5080psr4eiksikygkxzwwd1wuihkhviacdq8zwigl6phf8fa92952ulhf4i3b91r96xs3c8j702yvol92zagjb343cftay8slewwudv9dp/test/pr_curve_orange_table.table.json"},"default_test_tp_orange":129,"optimized_test_precision_blue":0.10821806346623271,"val/auprc_orange":0.13181718917984014,"optimized_test_recall_orange":0.0650887573964497,"default_test_recall_blue":0.823045267489712,"test/cm_blue_optimized_table":{"sha256":"ff7121f30d962198b27b4c3c2ba018d2ed552f6be91122cbf5cca2f99d7e8ceb","size":176,"artifact_path":"wandb-client-artifact://wtv4ga3iclvtp51v8361ldesyx0a67rkszabxottosfg2031eqpvocuyiq5655tvh19lbbyi0z5037n8kukx3e70t2m0ce5z4y3g677q38bji4fl8dif7gcgdctrlerm/test/cm_blue_optimized_table.table.json","_latest_artifact_path":"wandb-client-artifact://ujl58fk72ld0mrvogfsmae95bozpkcf8oajozd6ejwjtf0gf5k523u6wv85o56atp6tdxwnvqdx51rszoqeh9xfadcg3lfohuv0x3nkx968u2kchk1qzzxww61wihofw:latest/test/cm_blue_optimized_table.table.json","path":"media/table/test/cm_blue_optimized_table_1_ff7121f30d962198b27b.table.json","ncols":3,"nrows":4,"_type":"table-file"},"default_test_accuracy_orange":0.6922290388548057,"_timestamp":1.762272587130202e+09,"val/recall_orange_at_0.5":0.8272727272727273,"best_val_loss_at_save":1.9339962676167488,"train/loss":2.139990827242533,"optimized_test_tn_blue":7463,"default_test_tp_blue":200,"default_test_tn_blue":5523,"_wandb":{"runtime":29},"test/pr_curve_blue_table":{"path":"media/table/test/pr_curve_blue_table_1_c55e176206a8db4f1b79.table.json","ncols":3,"nrows":42,"_type":"table-file","sha256":"c55e176206a8db4f1b795da5d796a0c4e731b4f20e38860c4d0aef2e1f40160e","size":863,"artifact_path":"wandb-client-artifact://5k6ijt8c419fju1qrl4t8gxunzfdyr0g84o9kgng4n7uq9l7llqt395psmzoiglqtatdxf35iwa2e60fdydb8vd1ly8xjufczsa2mqgxliga9ptk3xfdose779xrff1k/test/pr_curve_blue_table.table.json","_latest_artifact_path":"wandb-client-artifact://9rg0yj56way3tin9gw2ze7bt6rb6t1tw5wjm0ul1wjremy49lg9k02cg4du0hvfg4lygqbr748p2gr9864ugggghsheugif3281ne7vcg3nn813l95m9nbr194s0qq0f:latest/test/pr_curve_blue_table.table.json"},"test/cm_orange_optimized_table":{"_latest_artifact_path":"wandb-client-artifact://u500nsnpnfk9z9wu6h3m0hsyv6af1d0m8u2ansztjy17omvfkw8btn3qdnbxs8ndiuyph00wrsq83z9caf2l7yey9hpbj127ono5h5bywpabwwl7yeq21ovt2vzbvslq:latest/test/cm_orange_optimized_table.table.json","path":"media/table/test/cm_orange_optimized_table_1_57a6f7c06ec3220a868a.table.json","ncols":3,"nrows":4,"_type":"table-file","sha256":"57a6f7c06ec3220a868a30b65deb49d44a01771d357241d0a3900593f8eb2028","size":174,"artifact_path":"wandb-client-artifact://5lq0rn5t7tzb8p17thh99m38d7516xbacev5z19wd7xr2c8an0k5v4blx9rv5588buacy6qiwmoxf3adhbjrsxj4xq29atp9lky6so61dgr0kdybaltzvpymbjf4lelc/test/cm_orange_optimized_table.table.json"},"optimized_test_accuracy_blue":0.8629856850715747,"optimized_test_auprc_blue":0.1309949175651693}